{"camera_x":0.0,"camera_y":0.0,"camera_z":0.8757013082504272,"center_u":969.8312988,"center_v":768.68573,"distort":[0.138881668448,-0.04291214,0.004315765,-0.000368304],"focal_u":506.4474487,"focal_v":506.786377,"fov":190.0,"image_height":1536,"image_width":1920,"pitch":0.23844857513904572,"roll":0.01936308667063713,"type":1,"valid_height":[1536,1536],"vcs":{"rotation":[0.0,0.0,-3.140000104904175],"translation":[-1.0769801139831543,-0.06826940923929214,0]},"vendor":"isx031_190","version":1,"yaw":-0.013814733363687992}