{"camera_x":0.0,"camera_y":0.0,"camera_z":1.1146330833435059,"center_u":968.5802612,"center_v":771.27948,"distort":[0.13833072799999999,-0.041576292,0.003750624,-0.000274034],"focal_u":509.7346191,"focal_v":509.8783264,"fov":190.0,"image_height":1536,"image_width":1920,"pitch":0.5121778249740601,"roll":0.06542309373617172,"type":1,"valid_height":[1536,1536],"vcs":{"rotation":[0.0,0.0,-1.5732665061950684],"translation":[2.0638320446014404,-1.0824047327041626,0]},"vendor":"isx031_190","version":1,"yaw":-0.04948776960372925}