{"camera_x":0.0,"camera_y":0.0,"camera_z":1.094694972038269,"center_u":969.406311,"center_v":769.7327271,"distort":[0.140559539,-0.045341305,0.005729228,-0.000656234],"focal_u":509.3862305,"focal_v":509.4823608,"fov":190.0,"image_height":1536,"image_width":1920,"pitch":0.5394163131713867,"roll":0.032828427851200104,"type":1,"valid_height":[1536,1536],"vcs":{"rotation":[0.0,0.0,1.5367624759674072],"translation":[2.0907554626464844,0.9448144435882568,0]},"vendor":"isx031_190","version":1,"yaw":0.055015839636325836}