{
    "camera_x": 0,
    "camera_y": 0,
    "camera_z": 1.048,
    "center_u": 952.8809204,
    "center_v": 643.9500122,
    "distort": [
        1.313587546,
        0.145597875,
        1.34031898e-05,
        -4.97593646e-05,
        -0.011942447,
        1.685108185,
        0.528932691,
        -0.01795047
    ],
    "focal_u": 1152.613403,
    "focal_v": 1152.469727,
    "fov": 100.0,
    "intern": 1,
    "loc": 0,
    "mask": 3,
    "image_height": 1280,
    "image_width": 1920,
    "pitch": -0.010854,
    "roll": 0.011924,
    "type": 0,
    "valid_height": [
        1280,
        1280
    ],
    "vcs": {
        "rotation": [
            0,
            0,
            0.8806238855245808
        ],
        "translation": [
            2.31,
            0.9325,
            0
        ]
    },
    "vendor": "X3c",
    "version": 1,
    "yaw": -0.06708
}