{
    "camera_x": -1.7755730152130127,
    "camera_y": 0.002191819250583648,
    "camera_z": 1.41732800006866,
    "center_u": 1917.57275390625,
    "center_v": 1081.594482421875,
    "distort": [
        3.0174446105957,
        1.1669845581055,
        -2.01214407e-05,
        4.82749e-07,
        0.0404954850674,
        3.3800485134125,
        2.1629347801208,
        0.2443730533123
    ],
    "focal_u": 1902.6336669921875,
    "focal_v": 1902.28857421875,
    "fov": 120.0,
    "intern": 1,
    "loc": 0,
    "mask": 3,
    "image_height": 2160,
    "image_width": 3840,
    "pitch": 0.027587,
    "roll": 0.008025,
    "type": 0,
    "valid_height": [
        2160,
        2160
    ],
    "vcs": {
        "rotation": [
            0,
            0,
            0.0
        ],
        "translation": [
            3.88,
            0,
            0
        ]
    },
    "vendor": "X8b",
    "version": 1,
    "yaw": 0.004914
}