{
    "camera_x": 0,
    "camera_y": 0,
    "camera_z": 0.84,
    "center_u": 962.6359863,
    "center_v": 642.4344482,
    "distort": [
        13.20569992,
        6.989886284,
        -1.2104925e-06,
        -3.39915714e-05,
        0.331493914,
        13.58829403,
        11.73847198,
        1.789711118
    ],
    "focal_u": 1149.786255,
    "focal_v": 1149.536621,
    "fov": 100.0,
    "intern": 1,
    "loc": 0,
    "mask": 3,
    "image_height": 1280,
    "image_width": 1920,
    "pitch": -0.021206,
    "roll": 0.023843,
    "type": 0,
    "valid_height": [
        1280,
        1280
    ],
    "vcs": {
        "rotation": [
            0,
            0,
            -2.280760418280025
        ],
        "translation": [
            2.43,
            -0.9675,
            0
        ]
    },
    "vendor": "X3c",
    "version": 1,
    "yaw": -0.001795
}