{"camera_x":0.0,"camera_y":0.0,"camera_z":0.6613261103630066,"center_u":965.2156982,"center_v":772.3270874,"distort":[0.13654992,-0.041335184,0.003663982,-0.000274099],"focal_u":508.2207031,"focal_v":508.3050232,"fov":190.0,"image_height":1536,"image_width":1920,"pitch":0.295085608959198,"roll":0.004906907677650452,"type":1,"valid_height":[1536,1536],"vcs":{"rotation":[0.0,0.0,-0.007730341982096434],"translation":[3.9084837436676025,-0.07087783515453339,0]},"vendor":"isx031_190","version":1,"yaw":-0.002392817987129092}