{
    "camera_x": -1.7755730152130127,
    "camera_y": 0.002191819250583648,
    "camera_z": 1.4173280000686646,
    "center_u": 1899.321899,
    "center_v": 1108.647095,
    "distort": [
        -1.457729816,
        -47.83835602,
        -3.57639947e-05,
        2.18756e-05,
        143.515686,
        -1.287169337,
        -46.44480896,
        127.1223984
    ],
    "focal_u": 7302.849121,
    "focal_v": 7303.549805,
    "fov": 30.0,
    "intern": 1,
    "loc": 0,
    "mask": 3,
    "image_height": 2160,
    "image_width": 3840,
    "pitch": 0.0255367,
    "roll": 0.00446414,
    "type": 0,
    "valid_height": [
        2160,
        2160
    ],
    "vcs": {
        "rotation": [
            0.0,
            0.0,
            0.0
        ],
        "translation": [
            3.88,
            0.04,
            0.0
        ]
    },
    "vendor": "ar0820_fov30",
    "version": 1,
    "yaw": 0.00790971
}