{
    "camera_x": 0,
    "camera_y": 0,
    "camera_z": 1.048,
    "center_u": 958.7454834,
    "center_v": 643.2424316,
    "distort": [
        5.223483086,
        2.317307234,
        4.88520564e-05,
        -5.5388236e-06,
        0.088075839,
        5.596293449,
        4.136205673,
        0.534581184
    ],
    "focal_u": 1150.650879,
    "focal_v": 1150.446167,
    "fov": 100.0,
    "intern": 1,
    "loc": 0,
    "mask": 3,
    "image_height": 1280,
    "image_width": 1920,
    "pitch": 0.040139,
    "roll": 0.051602,
    "type": 0,
    "valid_height": [
        1280,
        1280
    ],
    "vcs": {
        "rotation": [
            0,
            0,
            -0.8767607338421812
        ],
        "translation": [
            2.31,
            -0.9325,
            0
        ]
    },
    "vendor": "X3c",
    "version": 1,
    "yaw": 0.021013
}