{
    "camera_x": 0,
    "camera_y": 0,
    "camera_z": 0.84,
    "center_u": 965.961731,
    "center_v": 640.7446289,
    "distort": [
        1.813772678,
        0.608014107,
        -9.49490714e-05,
        -1.07889527e-05,
        0.023161789,
        2.185334921,
        1.177621245,
        0.135644883
    ],
    "focal_u": 1153.060669,
    "focal_v": 1152.928223,
    "fov": 100.0,
    "intern": 1,
    "loc": 0,
    "mask": 3,
    "image_height": 1280,
    "image_width": 1920,
    "pitch": -0.037008,
    "roll": -0.016632,
    "type": 0,
    "valid_height": [
        1280,
        1280
    ],
    "vcs": {
        "rotation": [
            0,
            0,
            2.2677894666056386
        ],
        "translation": [
            2.43,
            0.9675,
            0
        ]
    },
    "vendor": "X3c",
    "version": 1,
    "yaw": 0.004179
}