{
    "camera_x": 0,
    "camera_y": 0,
    "camera_z": 1.55,
    "center_u": 963.9486694,
    "center_v": 639.8585205,
    "distort": [
        14.62672806,
        40.67504501,
        -0.0003943650227,
        -0.00067858689,
        4.776590347,
        15.14912224,
        47.89250565,
        25.20883942
    ],
    "focal_u": 1949.09729,
    "focal_v": 1949.331299,
    "fov": 60.0,
    "intern": 1,
    "loc": 0,
    "mask": 3,
    "image_height": 1280,
    "image_width": 1920,
    "pitch": -0.014197,
    "roll": 0.004501,
    "type": 0,
    "valid_height": [
        1280,
        1280
    ],
    "vcs": {
        "rotation": [
            0,
            0,
            3.1415926
        ],
        "translation": [
            0.1,
            0,
            0
        ]
    },
    "vendor": "X3c",
    "version": 1,
    "yaw": 0.009276
}